-- MySQL dump 10.13  Distrib 8.0.21, for Win64 (x86_64)
--
-- Host: localhost    Database: miaosha
-- ------------------------------------------------------
-- Server version	8.0.21

/*!40101 SET @OLD_CHARACTER_SET_CLIENT=@@CHARACTER_SET_CLIENT */;
/*!40101 SET @OLD_CHARACTER_SET_RESULTS=@@CHARACTER_SET_RESULTS */;
/*!40101 SET @OLD_COLLATION_CONNECTION=@@COLLATION_CONNECTION */;
/*!50503 SET NAMES utf8mb4 */;
/*!40103 SET @OLD_TIME_ZONE=@@TIME_ZONE */;
/*!40103 SET TIME_ZONE='+00:00' */;
/*!40014 SET @OLD_UNIQUE_CHECKS=@@UNIQUE_CHECKS, UNIQUE_CHECKS=0 */;
/*!40014 SET @OLD_FOREIGN_KEY_CHECKS=@@FOREIGN_KEY_CHECKS, FOREIGN_KEY_CHECKS=0 */;
/*!40101 SET @OLD_SQL_MODE=@@SQL_MODE, SQL_MODE='NO_AUTO_VALUE_ON_ZERO' */;
/*!40111 SET @OLD_SQL_NOTES=@@SQL_NOTES, SQL_NOTES=0 */;

--
-- Table structure for table `item`
--

DROP TABLE IF EXISTS `item`;
/*!40101 SET @saved_cs_client     = @@character_set_client */;
/*!50503 SET character_set_client = utf8mb4 */;
CREATE TABLE `item` (
  `id` int NOT NULL AUTO_INCREMENT,
  `title` varchar(64) COLLATE utf8_unicode_ci NOT NULL DEFAULT '',
  `price` double NOT NULL DEFAULT '0',
  `description` varchar(500) COLLATE utf8_unicode_ci NOT NULL DEFAULT '',
  `sales` int NOT NULL DEFAULT '0',
  `img_url` varchar(500) COLLATE utf8_unicode_ci NOT NULL DEFAULT '',
  PRIMARY KEY (`id`)
) ENGINE=InnoDB AUTO_INCREMENT=3 DEFAULT CHARSET=utf8 COLLATE=utf8_unicode_ci;
/*!40101 SET character_set_client = @saved_cs_client */;

--
-- Dumping data for table `item`
--

LOCK TABLES `item` WRITE;
/*!40000 ALTER TABLE `item` DISABLE KEYS */;
INSERT INTO `item` VALUES (1,'算法4',68.8,'算法经典之作',98,'../static/img/s29107491.jpg'),(2,'算法导论',99.9,'算法圣经',77,'../static/img/s25648004.jpg');
/*!40000 ALTER TABLE `item` ENABLE KEYS */;
UNLOCK TABLES;

--
-- Table structure for table `item_stock`
--

DROP TABLE IF EXISTS `item_stock`;
/*!40101 SET @saved_cs_client     = @@character_set_client */;
/*!50503 SET character_set_client = utf8mb4 */;
CREATE TABLE `item_stock` (
  `id` int NOT NULL AUTO_INCREMENT,
  `stock` int NOT NULL DEFAULT '0',
  `item_id` int NOT NULL DEFAULT '0',
  PRIMARY KEY (`id`)
) ENGINE=InnoDB AUTO_INCREMENT=3 DEFAULT CHARSET=utf8 COLLATE=utf8_unicode_ci;
/*!40101 SET character_set_client = @saved_cs_client */;

--
-- Dumping data for table `item_stock`
--

LOCK TABLES `item_stock` WRITE;
/*!40000 ALTER TABLE `item_stock` DISABLE KEYS */;
INSERT INTO `item_stock` VALUES (1,988,1),(2,99,2);
/*!40000 ALTER TABLE `item_stock` ENABLE KEYS */;
UNLOCK TABLES;

--
-- Table structure for table `order_info`
--

DROP TABLE IF EXISTS `order_info`;
/*!40101 SET @saved_cs_client     = @@character_set_client */;
/*!50503 SET character_set_client = utf8mb4 */;
CREATE TABLE `order_info` (
  `id` varchar(32) COLLATE utf8_unicode_ci NOT NULL,
  `user_id` int NOT NULL DEFAULT '0',
  `item_id` int NOT NULL DEFAULT '0',
  `item_price` double NOT NULL DEFAULT '0',
  `amount` int NOT NULL DEFAULT '0',
  `order_price` double NOT NULL DEFAULT '0',
  `promo_id` int NOT NULL DEFAULT '0',
  PRIMARY KEY (`id`)
) ENGINE=InnoDB DEFAULT CHARSET=utf8 COLLATE=utf8_unicode_ci;
/*!40101 SET character_set_client = @saved_cs_client */;

--
-- Dumping data for table `order_info`
--

LOCK TABLES `order_info` WRITE;
/*!40000 ALTER TABLE `order_info` DISABLE KEYS */;
INSERT INTO `order_info` VALUES ('2020103100000000',17,1,68.8,1,68.8,0),('2020103100000100',17,1,68.8,1,68.8,0),('2020103100000200',17,2,99.9,1,99.9,0),('2020103100000300',17,1,68.8,1,68.8,0),('2020103100000400',17,1,68.8,1,68.8,0),('2020103100000500',17,1,68.8,1,68.8,0),('2020103100000600',17,1,68.8,1,68.8,0),('2020103100000700',17,1,68.8,1,68.8,0),('2020103100000800',17,1,68.8,1,68.8,0),('2020103100000900',17,1,68.8,1,68.8,0),('2020103100001000',17,1,40,1,40,1),('2020103100001100',17,1,40,1,40,1),('2020103100001200',17,1,40,1,40,1),('2020103100001300',17,1,40,1,40,1);
/*!40000 ALTER TABLE `order_info` ENABLE KEYS */;
UNLOCK TABLES;

--
-- Table structure for table `promo`
--

DROP TABLE IF EXISTS `promo`;
/*!40101 SET @saved_cs_client     = @@character_set_client */;
/*!50503 SET character_set_client = utf8mb4 */;
CREATE TABLE `promo` (
  `id` int NOT NULL AUTO_INCREMENT,
  `promo_name` varchar(64) COLLATE utf8_unicode_ci NOT NULL DEFAULT '',
  `start_date` datetime NOT NULL DEFAULT '0000-00-00 00:00:00' COMMENT 'MySQL中的datetime是''年-月-日 时:分:秒''的字符串类型',
  `item_id` int NOT NULL DEFAULT '0',
  `promo_item_price` double NOT NULL DEFAULT '0',
  `end_date` datetime NOT NULL DEFAULT '0000-00-00 00:00:00',
  PRIMARY KEY (`id`)
) ENGINE=InnoDB AUTO_INCREMENT=2 DEFAULT CHARSET=utf8 COLLATE=utf8_unicode_ci;
/*!40101 SET character_set_client = @saved_cs_client */;

--
-- Dumping data for table `promo`
--

LOCK TABLES `promo` WRITE;
/*!40000 ALTER TABLE `promo` DISABLE KEYS */;
INSERT INTO `promo` VALUES (1,'图书满100减50活动','2020-10-31 18:17:00',1,40,'2020-11-12 00:00:01');
/*!40000 ALTER TABLE `promo` ENABLE KEYS */;
UNLOCK TABLES;

--
-- Table structure for table `sequence_info`
--

DROP TABLE IF EXISTS `sequence_info`;
/*!40101 SET @saved_cs_client     = @@character_set_client */;
/*!50503 SET character_set_client = utf8mb4 */;
CREATE TABLE `sequence_info` (
  `name` varchar(255) COLLATE utf8_unicode_ci NOT NULL,
  `current_value` int NOT NULL DEFAULT '0',
  `step` int NOT NULL DEFAULT '0',
  PRIMARY KEY (`name`)
) ENGINE=InnoDB DEFAULT CHARSET=utf8 COLLATE=utf8_unicode_ci;
/*!40101 SET character_set_client = @saved_cs_client */;

--
-- Dumping data for table `sequence_info`
--

LOCK TABLES `sequence_info` WRITE;
/*!40000 ALTER TABLE `sequence_info` DISABLE KEYS */;
INSERT INTO `sequence_info` VALUES ('order_info',14,1);
/*!40000 ALTER TABLE `sequence_info` ENABLE KEYS */;
UNLOCK TABLES;

--
-- Table structure for table `user_info`
--

DROP TABLE IF EXISTS `user_info`;
/*!40101 SET @saved_cs_client     = @@character_set_client */;
/*!50503 SET character_set_client = utf8mb4 */;
CREATE TABLE `user_info` (
  `id` int NOT NULL AUTO_INCREMENT,
  `name` varchar(64) COLLATE utf8_unicode_ci NOT NULL,
  `gender` tinyint(1) NOT NULL DEFAULT '0' COMMENT '//1代表男性，2代表女性',
  `age` int NOT NULL DEFAULT '0',
  `telphone` varchar(64) COLLATE utf8_unicode_ci NOT NULL,
  `register_mode` varchar(64) COLLATE utf8_unicode_ci NOT NULL COMMENT '//by phone, by wechat, by alipay',
  `third_party_id` varchar(64) COLLATE utf8_unicode_ci NOT NULL DEFAULT '',
  PRIMARY KEY (`id`),
  UNIQUE KEY `telphone_unique_index` (`telphone`) USING BTREE
) ENGINE=InnoDB AUTO_INCREMENT=18 DEFAULT CHARSET=utf8 COLLATE=utf8_unicode_ci;
/*!40101 SET character_set_client = @saved_cs_client */;

--
-- Dumping data for table `user_info`
--

LOCK TABLES `user_info` WRITE;
/*!40000 ALTER TABLE `user_info` DISABLE KEYS */;
INSERT INTO `user_info` VALUES (14,'张三',2,32,'123','by phone',''),(17,'李四',2,54,'1234','by phone','');
/*!40000 ALTER TABLE `user_info` ENABLE KEYS */;
UNLOCK TABLES;

--
-- Table structure for table `user_password`
--

DROP TABLE IF EXISTS `user_password`;
/*!40101 SET @saved_cs_client     = @@character_set_client */;
/*!50503 SET character_set_client = utf8mb4 */;
CREATE TABLE `user_password` (
  `id` int NOT NULL AUTO_INCREMENT,
  `encrypt_password` varchar(128) COLLATE utf8_unicode_ci NOT NULL,
  `user_id` int NOT NULL DEFAULT '0',
  PRIMARY KEY (`id`)
) ENGINE=InnoDB AUTO_INCREMENT=10 DEFAULT CHARSET=utf8 COLLATE=utf8_unicode_ci;
/*!40101 SET character_set_client = @saved_cs_client */;

--
-- Dumping data for table `user_password`
--

LOCK TABLES `user_password` WRITE;
/*!40000 ALTER TABLE `user_password` DISABLE KEYS */;
INSERT INTO `user_password` VALUES (8,'VS5qlyl8U+WSIIz5f7s7YA==',14),(9,'gdyb21LQTcIANtvYMT7QVQ==',17);
/*!40000 ALTER TABLE `user_password` ENABLE KEYS */;
UNLOCK TABLES;
/*!40103 SET TIME_ZONE=@OLD_TIME_ZONE */;

/*!40101 SET SQL_MODE=@OLD_SQL_MODE */;
/*!40014 SET FOREIGN_KEY_CHECKS=@OLD_FOREIGN_KEY_CHECKS */;
/*!40014 SET UNIQUE_CHECKS=@OLD_UNIQUE_CHECKS */;
/*!40101 SET CHARACTER_SET_CLIENT=@OLD_CHARACTER_SET_CLIENT */;
/*!40101 SET CHARACTER_SET_RESULTS=@OLD_CHARACTER_SET_RESULTS */;
/*!40101 SET COLLATION_CONNECTION=@OLD_COLLATION_CONNECTION */;
/*!40111 SET SQL_NOTES=@OLD_SQL_NOTES */;

-- Dump completed on 2020-10-31 18:49:23
